tid	artist	song
TRATYJI128F4255D27	Bombay Rockers	Rock Tha Party
TRANIWL128F4262AB0	Bare Jr.	Tobacco Spit
TRABXPR128F92F27FE	Cauterize	Shooting Stars
TRALAZG128F93170BF	Juana Molina	Micael
TRABKBS128F42823EC	A Static Lullaby	God Bless You (Goddamn it)
TRAZYQU128F934AC32	Lizzy Borden	Psychopath
TRAEVLO128F933DE9E	Fiona	No More Lonely Nights
TRARDJY128F14750EA	30 Seconds To Mars	Year Zero
TRARSKA128F9336A04	Britney Spears	3
TRAKDDB128F92D168A	Lee Ritenour	Is It You?
TRAGLSU128F145FFB2	K-OS	Heaven Only Knows
TRBCRDW128F422D8BA	Keep Of Kalessin	As Mist Lay Silent Beneath
TRAAGEC128E079252C	Nine Inch Nails	Metal
TRBBOUN128F425A4E6	Rick Astley	Hopelessly
TRAXUPN128F42855C8	W.A.S.P.	Heaven's Hung In Black (Reprise)
TRAZCSY128F42683F2	Pretty Boy Floyd	Shut Up
TRAPZQI128F428CF18	Amorphis	And I Hear You Call
TRAVVBW128F42819B2	Belle & Sebastian	Stay Loose
TRBHZUN12903CA60F7	Charlotte Gainsbourg	IRM
TRAASQC128F93480F0	Rise Against	Amber Changing
TRAEVRU128F4263351	Teena Marie	Light
TRAPIIR128F42AEE95	RUN-DMC	Miss Elaine
TRADHLI128F428FEFD	Suicidal Tendencies	Human Guinea Pig
TRANRWM128F42873F9	Eyes Set to Kill	Liar in the Glass
TRBETHV128F429722F	Andy & Lucas	Hasta Los Huesos
TRBDDKF128F426BF7B	Fleet Foxes	English House
TRBAIKM12903CBCF21	Colin James	Better Days
TRAUZVU12903CC050D	The Shangri-Las	Remember (Walkin' In the Sand)
TRANYAM12903CD9CFC	Dax Riggs	Night is the Notion
TRAEWLF128F42B1F89	Information Society	More to This
TRBBMPH128F1469775	Mike And The Mechanics	Seeing Is Believing
TRABHVL128F92EFB0E	Bullet For My Valentine	Suffocating Under Words Of Sorrow (What Can I Do)
TRAIZWI128F4247EFD	Ashton Shepherd	Old Memory
TRAHVUK128F1456988	The Roots	The Ultimate
TRABGMB12903CF50FE	Die Fantastischen Vier	Böse
TRBFXVN128E078CF62	Cactus	Bro. Bill  (LP Version)
TRAAQBF12903CF796B	Hem	Have Yourself A Merry Little Christmas
TRAFWEV128F428D391	Cake	Alpha Beta Parking Lot
TRAVYXL128EF34722F	Novembre	Reason
TRAZRAR128F1477778	The Four Pennies	Juliet
TRAGBHV128F4295074	Goldfinger	I'm Down
TRAUJPQ128F930D4C5	Showbread	Nothing Matters Anymore
TRAAMPA128F92E7D0D	Descendents	Orgofart
TRAEXEA128F933C67D	Pursuit Of Happiness	Hard To Laugh
TRALDDK128F9300AC5	Thrice	The Earth Will Shake
TRATGQO128F421B850	Elvenking	Pathfinders
TRAAXMX128F9307699	Till West & DJ Delicious	Same Man
TRAYMKM128F4277046	Simon & Garfunkel	Patterns
TRBARSX12903D03AE5	Sade	Morning Bird
TRAKMLM128F14932B0	L.A. Guns	Some Lie For Love
TRAGKUI128F92F4698	Mithotyn	Guided By History
TRASIKP128F423EED7	Basement Jaxx	La Photo
TRBBQFV128F4252EFF	Jack Johnson	Adrift
TRALEPN128F9311179	Arctic Monkeys	Dancing Shoes
TRACOHQ128F424C5EF	Chimaira	The Flame
TRAXJHG128F427EA02	3 Doors Down	Be Like That
TRAORSC128F4235056	MxPx	Time Will Tell
TRAMPCW128F92CC022	Simon & Garfunkel	A Simple Desultory Philippic (Or How I Was Robert McNamara'd Into Submission)
TRAKBON128F9311039	The Rolling Stones	Around And Around
TRABNET128F14560AC	J.J. Cale	Trouble In The City
TRBHBGB128F931E4CF	Hall & Oates	Fall in Philadelphia
TRARPCK128F92FEA7F	Grizzly Bear	Little Brother
TRAJFRJ128F9328FF1	B.B. King	Early In The Morning
TRABLGI128F42B867A	Eighteen Visions	Our Darkest Days
TRAFJVH128F42BC25E	DJ Quik	Pitch In OnA Party
TRAHKMS128F934B09E	Lizzy Borden	There Will Be Blood Tonight
TRBHNEU128F426E873	Mary Black	Flesh And Blood
TRAONYI128F9324BA3	Patricia Kaas	Elle Voulait Jouer Cabaret
TRATGTP128F427021D	Neil Diamond	Hey Louise
TRAWYNV128F92F5E7E	Guns N' Roses	Catcher In The Rye
TRACKWV128F934B6B0	Goatwhore	Forever Consumed Oblivion
TRAHZIL12903CF1DC2	Blind Willie Johnson	If I Had My Way I'd Tear This Building Down
TRABOXX128F92F29EB	Owl City	Panda Bear
TRAXUBG128F9332164	The Sonics	Love Lights
TRBBJAJ128F425DA40	Jane's Addiction	True Nature
TRAVMXD12903CBBD0B	Jimi Hendrix	Once I Had A Woman
TRASDGG128F933EDE2	Anti-Flag	On Independence Day
TRBCJSZ128E07969B5	Coldplay	The World Turned Upside Down
TRAYLRT128F42605AF	The Verve Pipe	La La
TRBFOEA128F425D2DB	John Fogerty	Soda Pop
TRARIZK128F92FF27A	John Cale	Antarctica Starts Here
TRBCGXN128F148C0CD	Paul Stanley	Move On
TRATBGP128F1482545	Happy Mondays	Olive Oil
TRACLRS12903CE9386	Tammy Wynette	Stand By Your Man
TRAGDLM128F4233397	Mago de Oz	Desde mi cielo
TRALNJR128F145AC96	Beastie Boys	Shadrach
TRAAIHL128F92E6DDA	Boyz II Men	On Bended Knee
TRAMBFD128EF34B848	MIMS	Cop It
TRAVKJJ128F424DA32	Rickie Lee Jones	Second Time Around
TRASLVK128F935046C	Gustavo Cerati	La Excepcion
TRAACER128F4290F96	The Dillinger Escape Plan	Setting Fire to Sleeping Giants
TRABPUI12903CF22CE	Turisas	Sahti Waari
TRAZYQF12903CE3DA5	Valient Thorr	Problem Solver
TRATHFM128F148ADD4	Eastmountainsouth	Hard Times
TRAILKS128F14A3AC9	K-OS	AquaCityBoy
TRANCFS12903C9B61B	Belle and Sebastian	Like Dylan In The Movies
TRAYUWU128F423F66D	Charley Patton	Mississippi Boweavil Blues
TRAKUJS128F14668E5	Butthole Surfers	Ulcer Breakout
TRALMTD128E07862AC	Redman	Jam 4 U
TRACNXS128F93395BA	Ten Years After	Victim Of Circumstance
TRAWWHT128F426894E	Hem	When I Was Drinking
TRAMTYX128F42985D0	The Misfits	Halloween II
TRBFBOG128F9356C6E	EPMD	Head Banger
TRBAHBP128F42985D6	The Misfits	We Bite
TRADAFY128F145B77B	Marlene Dietrich	Auf Der Mundharmonika
TRALEER128F4268E6D	Erick Sermon	Freak Out
TRAATNJ128F42631BA	Korn	Ever Be
TRALUTY128F9322DC0	2 Minutos	Como Caramelo De Limón
TRASAIH128F931F567	Thrice	Betrayal Is A Symptom
TRBEATE128E078F0D8	Bon Jovi	Only Lonely
TRBECKU128F428B08A	Erick Sermon	I'm Hot
TRAEASY128F148247C	Charlotte Gainsbourg	Tel Que Tu Es
TRAKZHN128F426C3D2	Aerosmith	On The Road Again
TRAETAG128F93385AE	Jean-Jacques Goldman	Là-Bas
TRAUYLT128F427538E	Dope Stars Inc.	Chase The Light
TRBCSDW128F424D686	The Maine	You Left Me
TRBHQUM128F9309DE1	Broadcast	Michael A Grammar
TRBHSMF128F4285B9C	Jeff Scott Soto	If This Is The End
TRBBHFE12903CA5EEB	Paris_ Texas	Hip Replacement
TRACYCJ128F9309246	Britney Spears	Don't Go Knockin' On My Door
TRAHLDM128F933A3B1	Sui Generis	Bubulina
TRAYZZB128F425B73A	Christina Aguilera	Genio Atrapado
TRAEPGQ128F932AE6D	Loretta Lynn	I Can't Feel You Anymore
TRAQEKD128F425293D	Auf Der Maur	Taste You
TRATAIB128F92E81CB	Dishwalla	Moisture
TRABUDK128F14943F3	Donny Hathaway	This Christmas (LP Version)
TRAHKRO128F9320EA7	The Tragically Hip	The Drop-Off
TRBHMZS128F42658FF	Three 6 Mafia	Money Didn't Change Me
TRAKWZL128F93346EE	The Gufs	Last Goodbye
TRAHCBD128F9336A3E	Toots & The Maytals	Sweet & Dandy
TRAJNWY128E078907F	Cut Copy	Future
TRAOMMU128F933878B	Guitar Slim	The Things That I Used To Do
TRAZWGV128F425DA7C	Tracy Byrd	Just Let Me Be In Love
TRBCGKB12903CC0031	Robert Palmer	Some Guys Have All The Luck
TRAHFOU128F42B3F2A	Rakim	Outro
TRAKXYJ128F42525ED	Agnostic Front	Undertow
TRARKEH128F1463CB2	The Sensational Alex Harvey Band	Delilah
TRATCLI128F422BCF8	RyanDan	Wind Beneath My Wings
TRBFYKT128F428AFF7	Phil Vassar	Like I Never Loved Before
TRBBXEG128F424EC2C	April Wine	Babes In Arms
TRALJBT128F4266FD8	Jennifer Lopez	Play
TRABUVN128F930633C	De La Ghetto	Es dificil
TRAMVOM128F42ACB16	Faithless	Take The Long Way Home
TRAMCGL128F92F3D87	The Mars Volta	Eriatarka
TRALROP128F92CA9CC	Foo Fighters	Next Year
TRAAZQW128F93430DC	Shawn Colvin	Another Long One
TRAGCTZ128F4290974	Restless Heart	That Rock Won't Roll
TRAZOSB128F9302A07	Maroon 5	This Love
TRANREH128F93462CF	Kurupt	Girls All Pause
TRBGBIK128F4294A67	Samy Deluxe	Denk
TRAZVFJ128F9310CE2	Radiohead	Vegetable (Live)
TRAEBXS128F429933A	Britney Spears feat. Pharrell Williams	Boys
TRAJSRH128F425DDC7	Beyoncé	Irreplaceable (Irreemplazable)
TRAYJHF128F4294CB8	K'Naan	Smile
TRBCYOI128F1455566	Beastie Boys	Crawlspace
TRADJHU128F425459F	Novembre	Triesteitaliana
TRANTFR128F931C7DA	The Almost	Books & Books
TRANEQB128F4284978	Mary Black	Katie
TRAVPHL128F424EAE1	3 Doors Down	Who Are You
TRAQLOD128F145EC9D	Enrique Iglesias	Dicen Por Ahi
TRASWKJ128E0792FE7	Patty Griffin	Flaming Red
TRAJDGB128F42882AC	OutKast	Call Of Da Wild
TRARANL128F1478789	Rise Against	Drones
TRANRIK128F148C860	Eminem	Paul
TRASRBB128F42AFD5C	Brian Littrell	Wish
TRACBWP128C7196948	3 Doors Down	It's Not Me
TRADJKG12903CE049F	Tesla	So What!
TRADSVJ12903C9CDFA	Sweet	Do It All Over Again
TRAKXPE128F1462FF2	John Berry	She's Taken A Shine
TRACJPW128F932CA4C	Autumnblaze	Her Golden Robe In Silence Veiled
TRAKTWZ128EF35E206	Janet Jackson	When I Think Of You
TRAVTUD128F93094F2	Broadcast	Where Youth And Laughter Go
TRBIAVU128EF3493BA	Asleep At The Wheel	The Letter That Johnny Walker Read
TRAMSAY128F92ED0DD	It Dies Today	Sixth of June
TRBGHND128E079438C	Kiss	Anything For My Baby
TRAOATJ128F147FC9B	Phil Collins	I Cannot Believe It's True
TRAHZMM128E07838FF	Wet Wet Wet	Goodnight Girl
TRAWGXD128F428A36B	Mindy McCready	Guys Do It All The Time
TRABQZK128F92F54F4	Shakira	Pienso En Ti
TRAXXIT128F4263075	Henry Lee Summer	I Wish I Had A Girl
TRABYEY128F933773A	Anti-Flag	This Is NOT a Crass Song
TRATZQS128F1467D4B	Devo	Going Under
TRAONPF128F42480A7	Phil Vassar	This Is My Life
TRAMUYQ128F428CA58	Patti Smith	Lo and Beholden
TRBCVPD12903CECBE8	Solas	Bonnie Mae
TRAPPUJ128F931B3D1	Jawoll	Rendezvous - Ich hab' Dich seit langem nicht gesehen
TRANBMY128F426416A	Danger Danger	Rock America
TRAEOMS128F4262357	NOFX	My Heart Is Yearning
TRANLRX128F4259030	Zeromancer	Mosquito Coil
TRAGAVF128F424829B	Ronnie Milsap	Don't You Know How Much I Love You
TRARBBK128F427ED68	Koffi Olomide	Elle Et Moi
TRBCQLB128F9332CF4	32 Leaves	Way Beyond
TRAUUIF128F93232FE	God Lives Underwater	Don't Know How To Be
TRBBVSO128F9341C12	Martina McBride	Anything's Better Than Feelin' The Blues
TRAGYXL128F92F9FCB	Cowboy Mouth	Disconnected
TRBHFBL128F14537D2	Gorillaz	Dirty Harry (Single Edit)
TRAVLNW128F4272F05	Gian Marco	Te Mentiría
TRAECBR128F429F8C0	Britney Spears	Everytime
TRBFXMJ12903CB50F6	brokeNCYDE	Freaxxx
TRBIHAU128F425C317	Dinosaur Jr.	Does It Float
TRAKOAK128F4248629	Chops	Give It To 'Em
TRADQBK128F92E8B5F	Mat Kearney	Never Be Ready
TRAVXII128F92FCC6D	Stephen Marley	Mind Control
TRBDLLL128F9331D6E	Akon	Gun Shot
TRBDBVM128F427BCC9	W.A.S.P.	Phantoms In The Mirror
TRAMOLS128F92F99E3	Dealership	I Don't Want Your Love
TRAVJDB128F93305EB	Gustavo Cerati	Tu Cicatriz En Mi
TRAINYU128F4246BD1	Heavenly	Liberty
TRAWEIX128F14B0F05	Pete Rock & C.L. Smooth	They Reminisce Over You (Single Version)
TRAXQDR128F4260194	Juana Molina	Quiero
TRBCBMG12903CDE2A4	Peggy Lee	Mr. Wonderful
TRACVFF12903CF055A	Dinosaur Jr	On The Brink
TRALENK128F92F39E9	Circle Jerks	Paid Vacation
TRAPVGB128F42725AF	The Ataris	I Won't Spend Another Night Alone
TRAASFP128F42980BD	Orbital	Illuminate
TRAWGKB128F4268327	Disembowelment	Your Prophetic Throne Of Ivory
TRAQEOG128F9353981	Martin Sexton	Caught In The Rain
TRAJCLY128F930F893	Bad Azz	Ghetto
TRAPAZE128F4233355	Anti-Flag	Death Of A Nation
TRAQDSN128F42934A2	Sugarbomb	Posterchild for Tragedy
TRAXCZO12903CB819D	The Del McCoury Band	She Can't Burn Me Now
TRBAUVN128F932FEF8	Britney Spears	Oops!...I Did It Again
TRBEAWP128F422B4D1	Casiotone For The Painfully Alone	Happy Mother's Day
TRAGFOI128F428E060	Máire Brennan	Atlantic Shore
TRAJSNU128F92F2AC0	Chuck Wicks	If We Loved
TRAKGAX128F4264182	Jose Luis Perales	El Amor
TRBFMAS128E078F352	The Cardigans	Marvel Hill
TRAMRFE128F4267DF3	Mando Diao	Annie's Angle
TRAPRQZ128F427E188	John Mayer	Comfortable
TRARFAZ128F93481AD	Korpiklaani	Isku Pitkästä Ilosta
TRAHIPA128F4279744	K's Choice	Another Year
TRAEPGH128F9343CD8	Los Fabulosos Cadillacs	El Mensaje Soy Yo
TRAQPHD128F4226E5E	Soulwax	Soul Simplicity
TRAQQHJ128F9345DC3	Rise Against	1000 Good Intentions
TRADXMA128F4276D94	Dead Prez	Be Healthy
TRAYWLI128F9300223	Annie Lennox	Erased
TRACBWQ128F92F2B91	Ma Rainey	Ma Rainey's Black Bottom
TRAWDLK128EF342E1E	Redman	Suicide
TRBAYER128F933D3B7	Mighty Mighty Bosstones	Guns And The Young
TRBEBEZ128E0792F08	Patty Griffin	Let Him Fly
TRBBMIF12903CA1EB0	Atomic Rooster	Little Bit of Inner Air
TRBGNNC128F148D427	EPMD	For My People
TRATKAA128F426E8A0	Mary Black	Say A Little Prayer
TRBDEXM128F4291A7F	Baroness	Wanderlust
TRBEISL128F931B107	Architecture In Helsinki	The Same Old Innocence
TRBBEYU128F4235623	Busdriver	Unemployed Black Astronaut
TRAVANT128F92E3F71	Mariah Carey	Someday
TRBFRFR128E0781C86	Less Than Jake	Automatic
TRBFWSP128F92F29B4	Warrant	Bed Of Roses
TRAPFIP128F42AC31E	Alicia Keys	If I Was Your Woman
TRBGGYE128F42B63AB	Arc Angels	See What Tomorrow Brings
TRADWAU128F145622F	The Moody Blues	Long Summer Days
TRBFBUO128F42A3DED	Kent	Alla Mot Alla
TRBGKGR128F92EE206	Zeca Baleiro	Telegrama
TRBIBAQ128F93279F5	Bad Company	Crazy Circles
TRAMCND128F1466ACF	Beastie Boys	Get It Together
TRAFEEO12903CFEC87	Dark Fortress	The Silver Gate
TRAFYGA128F425A92C	Eurythmics	Missionary Man
TRAZNDI128F9321777	KRS-One	Freestyle Ministry (server Verbals)
TRATRMZ128F42A9AAC	Kane	Rain Down On Me
TRAQQVR128F4255A3A	Gorillaz	White Light
TRACXGH128F931686C	Tommy James & The Shondells	Crimson And Clover
TRAROQC128F4273979	Shakira	Que Vuelvas
TRAKPJC128F4258613	Juliette & The Licks	Shelter Your Needs
TRAAABD128F429CF47	The Box Tops	Soul Deep
TRAJMZL12903CA4807	Luke Bryan	What Country Is
TRAUHXR12903CBDFE4	The Pineapple Thief	Run A Mile
TRAOWBP128F4257C64	Jack Johnson	Monsoon
TRBGJIZ128F92E42BC	Free	Heartbreaker
TRBBXMC128F422C330	Eric Burdon	Cum
TRATJSR128F4266791	Jennifer Lopez featuring Ja Rule	I'm Real
TRAPDQG128F93018C0	Becoming The Archetype	End Of The Age
TRAZWDT128F4241B14	Shelby Lynne	Pretend
TRAZEYQ12903C9D099	Johnny Winter	Shed So Many Tears
TRAUJLJ128E0784E7C	Fabolous	Trade It All PT2  (Early Fade Amended Version- Bonus Track) (featuring P. Diddy & Jagged Edge)
TRAMTFQ128F9352EDB	Black Messiah	Gullveig
TRADUOU12903CF4323	At All Cost	Drugs
TRAPCIQ128F4241A74	The Cardigans	Rise & Shine
TRAADYB128F92D7E73	Eliane Elias	The More I See You
TRAFBML128F93163FB	Vaselines	Teenage Superstars (Album)
TRANDEK128F4259EBC	The Clash	Lose This Skin
TRBHHWQ128F93321AB	Bongzilla	Stone a Pig
TRBEIVC128F9320E95	Snow Patrol	It Doesn't Matter Where_ Just Drive
TRAIACZ128F428C60A	Kanye West / Adam Levine	Heard 'Em Say
TRAKQFZ128F429D3C9	Santana	Let It Shine
TRASXHB128F933D3BD	Mighty Mighty Bosstones	They Came To Boston
TRAWXYD128F4255FBD	K.I.Z.	Walpurgisnacht
TRBDVZL128F92F579F	Dickies	Pretty Please Me
TRAZSVT128F92DEC7B	Julie Zenatti	A Quoi Ca Sert
TRALSAJ128F92EDC84	Patrick Bruel	L'Appart
TRAFCWJ128F42515AE	Mississippi John Hurt	Waiting For You (I Forgive You Before I Go)
TRAAOJI128F1458DCD	Heaven 17	(We Don't Need This) Fascist Groove Thang
TRBEFQB128F932138A	Eleanor McEvoy	Please Heart_ You're Killing Me
TRAKCAE128F92DACD8	Claude François	Le chanteur malheureux
TRACRON12903CB59E6	Everyday Sunday	Don't Leave
TRAOSFC128F42618F6	Harry Connick_ Jr.	Here Comes The Big Parade
TRAFZHK128F145E86B	Lifer	Boring
TRAFTFF128F930F77C	Lollipop Lust Kill	Bury You
TRAGBOR128F92E1064	Emperor	With Strength I Burn
TRAGSGF128E0780CA7	Coldplay	One I Love
TRADXCF128EF357134	Snow Patrol	Shut Your Eyes
TRAUXEL128F42683D5	Cadacross	Bring Out Your Dead
TRAZSVJ128E0785129	P.O.D.	Wildfire (Album Version)
TRBBHUW128F429476F	Dynamite Deluxe	Zornig!
TRAOOHM128F1453E33	Juelz Santana	Lil' Boy Fresh
TRAROPS128F92F09A5	Carl Belew	Am I That Easy To Forget
TRABAFJ128F42AF24E	Backstreet Boys	Larger Than Life
TRBETVK128F4288B49	Hot Tuna	Hesitation Blues
TRAJFFF128F429874A	Lifehouse	Better Luck Next Time
TRAIOWX128F14750E5	30 Seconds To Mars	The Mission
TRAHBOV128F92EF77A	Wonderland	You
TRABLYQ128F429A9F8	Luar Na Lubre	Terra
TRBCUPT128F1462B73	Thrice	All That's Left
TRASHSN12903CA9E34	Alicia Keys	Wait Til You See My Smile
TRAPAES128E0786E60	Ideal	Roter Rolls Royce
TRAZJGD128F4289D2A	Gym Class Heroes	To Bob Ross With Love (Album Version)
TRAQJMP128F92E3821	Muse	Can't Take My Eyes Off You
TRAWZRG128F1489B24	Pennywise	Yell Out
TRBGHVM128F146B47A	Charly Garcia	Tango
TRBBIBE128F4226E29	Soulwax	Kill Your Darlings
TRAMEEC128F9307A54	99 Posse	Rafaniello
TRAJBGL128F145C7A8	Tom Cochrane	Washed Away
TRANCSE128F93044F1	Shakira	Ojos Así
TRBGPZX128F4285105	Estopa	Apagon
TRADNRG128F4295A0E	Kris Kristofferson	Darby's Castle
TRACTLX128F42A51F6	Matisyahu	Exaltation
TRABXVE128F4284AFC	Simon & Garfunkel	Citizen Of The Planet
TRALDUE128F9312AF2	Snow Patrol	Just Say Yes
TRBEMTF128F42660CA	For Squirrels	Superstar
TRBHTOR128F428CADE	The Dillinger Escape Plan	Sugar Coated Sour
TRBHHUC128F4294C6F	Scott Matthews	City Headache
TRBADGN128F42AA534	Andy & Lucas	Quiero Ser Tu Sueño
TRAMUUZ128F933CA08	EPMD	Please Listen To My Demo
TRAWNOH128F4287513	Unkle Bob	What Do I Know
TRADFQK128F422B492	Casiotone For The Painfully Alone	Rice Dream Girl
TRANRKN128F93127BB	Hanoi Rocks	Walkin' Away
TRAVWZA128F931F36E	The Tragically Hip	Ahead By A Century
TRAAJJG128F4284B27	The Verve Pipe	Medicate Myself
TRBGBGO128F4264203	Firehouse	Talk Of The Town
TRAGJQL128E078E840	Shania Twain	Raining On Our Love
TRAGDPS128F145F8EE	Paloalto	Seed
TRBBYDT128F14805B4	Phil Collins	You Can't Hurry Love (Live)
TRACISV12903D13877	Jerry Reed	When You're Hot_ You're Hot
TRBHKXX128F4252D02	Radiohead	Everything In Its Right Place
TRARQSD128F427E2AA	Pearl Jam	Wishlist
TRANPWV128F9341281	Behemoth	He Who Breeds Pestilence
TRBGCAK128F425F3CC	The Prodigy	Firestarter
TRADFID128F4267231	Silverchair	Cicada
TRAPGKY128F42972A9	Alexisonfire	Mailbox Arson
TRACUCQ128F92FFBF7	Sade	Smooth Operator
TRAWTKK128F92C25D0	Kings Of Leon	Woo Hoo
TRAMFHI12903CB4349	Goatwhore	A Closure in Infinity
TRAKMGY128F4269E37	Johnny Horton	Got The Bull By The Horns
TRASWIV128E0788A84	The Smashing Pumpkins	Real Love
TRAPCHT128F4239830	Trivium	The Deceived
TRAYZXR128F934858F	Rancid	The Bravest Kids (Acoustic)
TRAAQCK128F92E8C33	Lily Allen	U Killed It
TRAKRXM128F4250E33	Bob Marley	Corner Stone
TRBANBC128F147E363	Showbread	Dinosaur Bones
TRAEARU128E0781A02	David Bowie	Space Oddity (1997 Digital Remaster)
TRBGRIP128F147FCA6	Phil Collins	Everyday
TRAZKAG12903CD1918	AFI	Too Shy To Scream
TRBHKKK128F427E9FF	3 Doors Down	Better Life
TRANWBG128F934AC15	Lizzy Borden	Generation Aliens
TRAHSAW128F4253EFC	Nick Cave & The Bad Seeds	Rock Of Gibraltar
TRAAMES128F42AF068	Pearl Jam	Inside Job
TRANKIL128F1476FA2	The Police	Voices Inside My Head
TRAOJEW128F4294CBD	K'Naan	Is It A Myth?
TRBDWLE128F42B3112	Barry Manilow	This One's For You
TRAWOBG128F93256C6	Dropkick Murphys	The Burden (Album Version)
TRAVGZS128F9338603	Tammy Wynette	I Stayed Long Enough
TRAYDZH128C71967BC	New Found Glory	Sucker
TRAUZFY128F42BCE57	Jason Michael Carroll	No Good In Goodbye
TRBIFGK128F92F23A2	The Killers	A Dustland Fairytale
TRAULGT12903D10B94	BB King	She Don't Move Me No More
TRAZDPO128E078ECE6	Aerosmith	Crazy
TRAEZFJ128F422A5C0	Shanadoo	King Kong
TRAEGGV128F92F29B2	Warrant	Cherry Pie
TRBGHJG128F428ADB4	Lit	Lovely Day
TRAFRVU128F42649A6	K's Choice	My Record Company
TRAMIUD128E07825DB	Cracker	Dr. Bernice
TRACLHC128F9343C39	SUMO	Pinini Reggae
TRAIUPS128F92F2825	Ensiferum	Into Battle
TRBDSLA128F4288246	Toni Braxton	Best Friend
TRACWBO128F92F322F	Stevie Ray Vaughan And Double Trouble	Empty Arms
TRAJHDR128F92FA863	Morgion	Basking Under a Blacksun Dawning
TRARPTJ12903CE2898	SOJA	Be Aware
TRBGITL12903CF2662	The Gathering	Fear The Sea
TRAMEBP12903CD7EEA	Mink DeVille	Heaven Stood Still
TRBDLRT128F4296B2F	Alias	Dying To Stay
TRAKFSV128F4257C10	Finntroll	Kitteldags
TRAJFDU128F426A5F4	Silverchair	The Door
TRABSAR128F42324A8	Abysmal Dawn	Compulsory Resurrection
TRAECSU128F426A84A	Headhunter	Signs Of Insanity
TRAVOLQ128F9322DB4	2 Minutos	Valentin Alsina
TRBHJAY128F14A9061	Foghat	Dead End Street
TRAZXBO128F429DA70	Blackbyrds	Do It_ Fluid
TRAFTMA128F933A3D7	Los Fabulosos Cadillacs	Matador
TRADOSF128F9338ADB	Pedro Aznar	Stand
TRBCALG128F1483839	Milk Inc.	Breakin'
TRBBCJH128F930C970	Streetwize	U Don't Have To Call
TRAMSSK128F92FDC80	Tim Exile	Family Galaxy
TRAPVBP128F9308A86	Alejandro Lerner	No Hace Falta Que Lo Digas
TRARMUI128F147162F	The Jam	The Modern World
TRAJLEC128F93385A1	Jean-Jacques Goldman	La Vie Par Procuration
TRBEHGH128E078DEDE	The Roots	Act Won (Things Fall Apart)
TRASMER128F4272C1D	2 Minutos	2 Minutos
TRBEUMG128F422305C	James Hunter	Class Act
TRALZXZ128F92E26EF	The Jeff Healey Band	My Little Girl
TRAYXZX128F930F022	KALIMBA	Nunca Sabras
TRARSZV12903CDB2DE	Junior Kimbrough	Meet Me in the City
TRAQKVC128F425E65C	The Clash	Inoculated City
TRAFMIA128F92E2B2B	Alice Cooper	This House Is Haunted
TRAYWHE128F92E9D6A	Roy Drusky	Three Hearts In A Tangle
TRBDAVU128F423814A	Bon Jovi	Till We Ain't Strangers Anymore
TRAHMIV128F14693DC	Mike And The Mechanics	Nobody's Perfect
TRAXLLN128F428B982	Wayne Kramer	Bad Seed
TRAWOHD128F148D176	Rickie Lee Jones	Away From The Sky
TRBFLIP128E07897B4	Coldplay	Things I Don't Understand
TRAGXUZ128F9311745	Johnny Cash	You Tell Me
TRAYCIH128E07890B9	The Cure	Doubt
TRAPESV128F92FE5E9	Don Gibson	Blue Blue Day
TRAULEG128F92F035B	Finntroll	Ormhäxan
TRBEBYV128F14A0B65	ATB	Marrakech
TRBBEGG128F9314BAA	Martina McBride	Heart Trouble
TRANVKJ128F92F1561	Lonestar	Somebody's Someone
TRAAENC128F1451DE9	Francis Dunnery	Too Much Saturn
TRAFWRG128F4295089	Goldfinger	Forgiveness
TRAYKOC128F930D2B8	Aerosmith	Cryin'
TRBFRZX128F9341EAE	Busta Rhymes	We Got What You Want
TRASDYA128F425E84F	Chris Brown	Help Me
TRAJZCH128F933D2B7	Mighty Mighty Bosstones	Patricia
TRAGNAX128F9313AE8	Doyle Bramhall	That's How Strong My Love Is
TRAYZBA128F4264551	Sophie B. Hawkins	Did We Not Choose Each Other
TRAAJYX128F4255568	Maxi Priest	Groovin' In The Midnight
TRAMFFW128F4263AD7	James Taylor	Everyday
TRAZLVR128E078F044	The Who	Slip Kid
TRAMBLO128F4287D24	RUN-DMC	Can I Get A Witness
TRAMXPQ128F148B0C2	Mark Wills	How Bad Do You Want It
TRAZVYP128F1459AD9	Leona Naess	Star Signs
TRAPNII12903CEA4F8	Bad Company	Simple Man
TRAKMUO128F4215890	Enrique Iglesias	Si Juras Regresar
TRBGUUF128F9334B97	El Gran Combo De Puerto Rico	No Hay Manera
TRBBAKH128F92FA339	The Ataris	Secret Handshakes
TRAAARJ128F9320760	Planet P Project	Pink World
TRAWFCM12903CBE6FA	Skyforger	In the Underworld
TRBDIOP128EF35F99C	Maroon 5	Sweetest Goodbye
TRACKAP128F425B741	Christina Aguilera	Walk Away
TRAUJTZ12903CF7BB4	Bruce Springsteen	Working On The Highway
TRAEOBA12903CAFAB0	Placebo	Hardly Wait
TRAVYHI12903CB95EC	T-Bone	Ride Wit Me
TRANTAN128E078B326	The MC5	The American Ruse (LP Version)
TRBFSNP128F14572B5	Vixen	One Night Alone
TRAEMNZ128F9334662	Aerosmith	Angel
TRBBDXO128F14A4737	Tommy James And The Shondells	Gettin' Together
TRAABLR128F423B7E3	Blue Rodeo	Floating
TRAIBXQ128F425E6A5	Kings Of Leon	My Party (Kenna Remix)
TRASLHI128EF343C84	Noisettes	Bridge To Canada
TRBEIKK128F14628D6	Lighthouse Family	Run
TRAHIJE128F4243356	Jack Off Jill	Horrible
TRADKDX128F9320676	Foo Fighters	If Ever
TRBFJGB128F42612B1	Brooke Valentine	American Girl
TRAMMFP12903CB59C2	Blind Lemon Jefferson	Long Distance Moan
TRATHTH128F42BC347	Kings Of Leon	Ragoo
TRBCWPC128F42438DF	Alexander O'Neal	Saturday Love
TRARHCB128F148D1B0	The Misfits	The Haunting
TRAPGOZ128F933A945	Jonny Lang	One Person At A Time
TRAMMAF128F93051B0	Basement Jaxx	Sfm
TRAZZQC128F427A0F5	Aerosmith	Milkcow Blues
TRALPKG12903CDCA8A	Placebo	The Never-Ending Why
TRAYEGN128F9361233	Joe Bonamassa	When She Dances
TRAWBOE128F92F2F46	Pearl Jam	You Are
TRAGKTN128F933C68B	Pursuit Of Happiness	Down On Him
TRAOHNR128F428CD58	OutKast featuring George Clinton	Synthesizer
TRADCIM128F427A3A1	Wyclef Jean featuring Butch Cassidy and Sharissa	You Say Keep It Gangsta
TRAPGOC128F932F01A	Aswad	Your Recipe
TRAGWTT128F148CF2C	Sister Hazel	Cerilene
TRAXPHE128F92F4100	Paul Rogers	The Hunter
TRAXEHW128F423E590	My Chemical Romance	You Know What They Do To Guys Like Us In Prison (Album Version)
TRADODV128F4283EB6	Mobb Deep	Got It Twisted
TRBDUSM128F9339A13	Maximilian Hecker	Let Me Out
TRAJMQE128F9322DDD	2 Minutos	Vos No Confiaste
TRAFDFD128F14B07AB	THE COOKIES	Chains (LP Version)
TRAQACB128F4263F7B	Ultimate Fakebook	Soaked In Cinnamon
TRAXLYT128F9348137	KMD	Get-U-Now
TRASAQI128F426EEA3	Bob Dylan	Simple Twist Of Fate
TRAFTCT128F425A900	Rick Astley	Close To You
TRAVTEH128E07953EA	Bon Jovi	The Radio Saved My Life Tonight
TRAFOKY128F92ED751	David Cook	I Did it for You
TRAJBTZ12903CB818C	The Del McCoury Band	Asheville Turnaround
TRAEFON128E078C6F8	MC5	Miss X (LP Version)
TRBFVEP128F42621E3	The Distillers	World Comes Tumblin' Down
TRBIJFB128F92ED124	It Dies Today	One the road (to Damnation)
TRBBUCK128F42AFAD6	Kool Moe Dee	Death Blow
TRACHKX128F934B07A	Fever Ray	I'm Not Done
TRAQGMY128F425A2F5	Annie Lennox	A Whiter Shade Of Pale
TRACTWW12903CB7550	Cracker	Shake Some Action
TRAHHMV12903CD0B0D	Backstreet Boys	PDA
TRAQTBF12903CCC1B7	Cockney Rejects	Oi! Oi! Oi!
TRACCJA128F149A144	João Gilberto	Segredo
TRBDNZI128F14A9065	Foghat	Zig-Zag Walk
TRAUPSV128F427B621	Cabas	Como Nuestro Amor No Hay Dos
TRAFRYJ128F92E638B	Nine Inch Nails	Memorabilia
TRALPQV128F424F989	2raumwohnung	Lachen und weinen
TRAYAKN128F9330A65	Ghost Machine	What You Made Me (Ugli)
TRAWIGT128F427448E	Las Ketchup	Tengo Un Novio Tántriko
TRBCBLV128F14ADF31	Petra	More Power To Ya
TRAXJVO128F42AC534	Martina McBride	Thanks A Lot
TRAVBCR128F933AE8E	Dax Riggs	Radiation Blues
TRAIATD128F9331CD6	Usher	I'll Show You Love
TRAGQBY128F42635B7	James Taylor	One More Go Round
TRABPGO128F931B50C	Emilia	You're My World
TRAZTBZ12903CFB6DA	Pelle Carlberg	I Love You_ You Imbecile
TRAVFEW128F92E2B47	Alice Cooper	Be My Lover
TRABYVN128F429E5CF	Aesop Rock	Flashflood
TRABWPT128F42B06CC	Keb' Mo'	Still There For Me
TRAWFYX12903CA4766	Atomship	Whitfield
TRAQOXO128F42636BD	James Taylor	Down In The Hole
TRAUVVR128F425A925	Eurythmics	A Little Of You
TRARVZG128F1497359	Tech N9ne	Caribou Lou
TRBESEX128F147BB13	Olga Tañón	Como Olvidar (Merengue Versión)
TRBBYOI128F4256732	Black Flag	Out Of This World
TRBFLOH128F42630E3	Regina Belle	You Are Everything
TRAKDCQ128F42A247A	Kool Moe Dee	I Go To Work
TRAKHYP128E0792F07	Patty Griffin	Moses
TRAYYKO128F92E133B	The Lord Weird Slough Feg	Baltech's Lament
TRACFOJ128F4253EFA	Nick Cave & The Bad Seeds	Still In Love
TRABUIN128F93022FF	SKOLD vs. KMFDM	Alkohol
TRBCBVY128F933A195	Los Auténticos Decadentes	El Jorobadito
TRAITDY128F149431C	Vangelis	Procession
TRALQGZ128F146F500	KT Tunstall	Boo Hoo
TRBGTZD128EF34B6C3	Jesus Jones	Nothing To Hold Me
TRBCBLN128F932BC9D	Skeletonwitch	Within My Blood
TRADXCO128F426B26D	M	Close To Me
TRADYQK128F42A762A	Muse	Stockholm Syndrome
TRAQGNV128C7196894	Blink-182	All Of This
TRADFXD128F424694C	Mando Diao	Misty Mountains
TRACLRV128EF33FAB8	Whitesnake	Young Blood (2007 Digital Remaster)
TRBIIOT128F423C594	Joy Division	Leaders Of Men
TRASPAS128E078DFB3	Bob Marley & The Wailers	Smile Jamaica
TRAIUYZ128F425BD2F	Múm	Nightly Cares
TRAPHAH128F42677A4	Jennifer Lopez	We Gotta Talk
TRAJDTK128F429FFDF	Jim Reeves	I'd Like To Be
TRAKLEZ128F4270649	Martha Wainwright	Who Was I Kidding
TRAHYDH128F9325200	Bumblefoot	Piranha
TRBBTUD128F42A10A3	Behemoth	Here And Beyond
TRAZORC128F426C323	Cut Copy	Unforgettable Season
TRAIELD128F92DC682	Kings Of Leon	Genius
TRBCJRW12903CD02BC	John D. Loudermilk	Goin' To Hell On A Sled
TRBDVJF128E078894B	The Smashing Pumpkins	Soot and Stars
TRBIJMU12903CF892B	Moonspell	The Hanged Man
TRBECAL128F4270F27	Saigon Kick	The Way
TRARIIY128F147187D	Kiss	Radar For Love
TRAWRWK128F4260B37	Gal Costa	Wave
TRAWPBO128F933D918	Bruisers	Bloodshed
TRAVCNA128F930975C	Mithotyn	On Misty Pathways
TRAQRFD128F9322DE6	2 Minutos	Cancion De Amor
TRAQITZ128F4265E0E	Johnny Cash	Lonesome To The Bone
TRAEXHW128F92E2602	Gym Class Heroes	New Friend Request (Amended Version)
TRBEBNV128F423783D	The Germs	Going Down
TRBAHEH128F9327D39	Wyclef Jean	Guantanamera
TRAJMEL128F4262B4A	The Fabulous Thunderbirds	Why Get Up
TRATDLH128F93384B0	Lily Allen	22 (Acoustic)
TRALZTM128F92EC5F0	Céline Dion	Because You Loved Me (Theme from "Up Close and Personal")
TRBHNUB12903CC2475	Open Hand	Tough Guy
TRADABC128F4274FCC	Carlos Ponce	Escuchame
TRAAWOR128F92DF3C8	Sandi Thom	Wounded Hearts
TRAUOXB128F146573B	Bryan Ferry	Ja Nun Hons Pris
TRBDVVT128F4279D11	Xzibit	Carry The Weight
TRBAZFD12903CB641D	Brooke White	Hold Up My Heart
TRBEHFA128F145B3DA	Be Bop Deluxe	Sister Seagull (Live)
TRAXSWX128E0792BEF	Toots & The Maytals	It's You
TRAIYDL128E0791583	Rihanna	Music Of The Sun
TRBFTJP128F426AC3F	Be Bop Deluxe	Music In Dreamland
TRATCDG128F932B4D2	Aiden	Black Market Hell
TRADRJK128E078F041	The Cardigans	Iron Man
TRANCOS128F4267DFB	Mando Diao	All My Senses
TRAPGFN12903CB5BAC	The Plimsouls	Women
TRAFBVU128F426B3F6	Dimmu Borgir	The Fundamental Alienation
TRBFIHG128F4289CF9	The Ataris	Make It Last
TRABOOL128F426E836	Mary Black	Turning Away
TRAUYOD128F42647FE	The Vaughan Brothers	Good Texan
TRAUSHD128E0795347	Bon Jovi	Wildflower
TRAXRSK128F42B44D2	Bad Religion	Infected
TRAPCNK128F427D7B5	M83	You Appearing
TRARMYQ128F149F18A	Jimmy Wayne	Are You Ever Gonna Love Me?
TRAMHMO128F93167EA	Juana Molina	Isabel
TRAPUFL128F425A8F9	Rick Astley	Nature Boy
TRAUEYX12903CEAF48	Architecture In Helsinki	Need To Shout
TRAVHIA128F1494B0C	Sonny James	I'll Never Find Another You
TRAYOQI128F92F0967	Converge	To the Lions
TRAGHJX128F426F76F	Bob Dylan	New Pony
TRAOKSC128F4264989	K's Choice	A Sound That Only You Can Hear
TRBBILZ12903CB422C	Set Your Goals	This Very Moment
TRAGQVO128F145C0AF	Gang Starr	Say Your Prayers
TRALTKQ128F932DA67	Atari Teenage Riot	Revolution Action
TRAAKAS128F4246013	Porcupine Tree	Waiting
TRAFKRE128F932002B	All Time Low	Umbrella
TRAENOH128F933978A	Cerati-Melero	Marea De Venus
TRACFZI128E0795424	Saosin	Bury Your Head
TRBEBVZ128F425A660	Rick Astley	The Bottom Line
TRAGPAF128EF34542A	From Autumn To Ashes	Sensory Deprivation Adventure
TRAGALM128F4236C86	Lyrics Born	Bad Dreams
TRBIJES12903CF5B12	Mouth Of The Architect	Harboring An Apparition
TRAKGDZ12903CE4867	Story Of The Year	Won Threw Ate
TRAVGNH128F428CBA9	Amorphis	Into Hiding
TRACCVZ128F4291A8A	Mastodon	Deep Sea Creature
TRAESJK128E0792227	Eminem	Ricky Ticky Toc
TRAMTIH128F933E8E4	Eric Burdon	Motorcycle girl
TRAIVMM128F4266056	Keb'Mo'	Anybody Seen My Girl
TRAAHEG128E07861C3	Redman	WKYA (drop)
TRAIHFF128EF351817	Michael Jackson	Just A Little Bit Of You
TRBFNBC12903CA9800	The Black Crowes	Good Morning Captain
TRAURRP128F4261B94	Dixie Chicks	Give It Up Or Let Me Go
TRAYOXN128E07926A8	City High	The Only One I Trust
TRAMEDG128E07933F4	Ms. Dynamite	All I Ever
TRBBGQN128F9310CBE	Radiohead	You (Demo)
TRAYGHE12903CD213E	The Prodigy	What Evil Lurks
TRAFLMU128F4274A4D	G-Unit	I Don't Want To Talk About It
TRAGJPA128F92F9665	U2	FEZ-Being Born
TRASQCW12903CA07D9	Ray Davies	See My Friends
TRBAZYH128F4288198	The Jeff Healey Band	See The Light
TRANLJA128F42A5379	Dolly Parton	It's All Wrong_ But It's All Right
TRANIUD12903CCE692	Jah Cure	To Your Arms of Love
TRAGYDZ12903D0957F	Candlebox	Lover Come Back To Me
TRAKYWY128F9310CF4	Radiohead	Stop Whispering (US Version)
TRATQSL128F932E2ED	Michael Jackson	Morning Glow
TRBHJPQ128E078ED8F	Queens Of The Stone Age	Everybody's Gonna Be Happy
TRAZVZJ128F92EF28A	Set Your Goals	summer jam
TRAWVNL128F9327983	Bad Company	Call On Me
TRAWWQM128F148C796	Kiss	Every Time I Look At You
TRBDTNY128F9327A10	Bad Company	Take The Time
TRALLQX12903CD838C	Ben Sidran	See You On The Other Side
TRAPFXX128E0785EBA	Mariah Carey	Clown
TRAPYCR128F4289604	Flickerstick	Coke (Live)
TRABZRZ128F42628AD	James Taylor	Steamroller Blues
TRBFUMI128F42B5731	The Velvet Underground	Stephanie Says
TRADRNN128F92F7172	R. Kelly & Jay Z	Honey
TRAPSHW128F14560A6	J.J. Cale	Losers
TRAVELY128F42606F8	A Tribe Called Quest	Like It Like That
TRANVZT128F42AE134	Dixie Chicks	Lullaby
TRAQAIW12903C9B61E	Belle and Sebastian	I Could Be Dreaming
TRAPMRV128F92F5F4C	Dixie Chicks	Hole In My Head
TRARUTP128E0797FC7	Linkin Park	Crawling (Album Version)
TRBGWVI128E0788AE7	22-20s	Hold On
TRAVDGG128F92E389A	Memphis Minnie	Nothing In Rambling
TRAIKSH128E07816DF	Nick Cave & The Bad Seeds	Stagger Lee
TRANIUS12903D00EC7	Swallow The Sun	...and Heavens Cried Blood
TRAUNPM12903CB7CCC	Jefferson Starship	Fading Lady Light
TRBDWRY128F427991E	Stevie Ray Vaughan And Double Trouble	Tin Pan Alley (aka Roughest Place In Town)
TRAIBXJ128F4260700	A Tribe Called Quest	Scenario
TRAAGCZ128F93210FD	Black Eyed Peas	Let's Get It Started
TRASGKM128F42644C5	Helmet	Street Crab
TRANTAD128F92FD042	John Mayer	Who Did You Think I Was
TRBBYFJ128F42A22D4	Jim Reeves	Jingle Bells
TRAYIUG12903CC7E3C	Gipsy Kings	Camino
TRBDCAB128F92F7EE4	The Primitives	Never Tell
TRAYLKH128F427BCCC	W.A.S.P.	When The Levee Breaks
TRASARO128F145E40F	Small Faces	My Mind's Eye
TRAFAJC128E078888B	Queens Of The Stone Age	This Lullaby
TRBHGVH128F148AD73	Long Beach Dub Allstars	Free Love
TRBACUF128F4247F8C	Mint Condition	Call Me
TRAGFVT128F92ECB5D	Oasis	Don't Go Away
TRANMOT128F92EFF19	Kathy Mattea	Standing Knee Deep In a River (Dying Of Thirst)
TRAOWXO128E0783F68	Wet Wet Wet	Hear Me Now
TRBEKGR128F425DA44	Jane's Addiction	Price I Pay
TRATQDK128F1489B3E	Pennywise	Lies
TRAAGJV128F1464090	Lesley Gore	It's My Party
TRAYPFH128E07937C3	Soundgarden	Slaves & Bulldozers
TRAFYGO128F42727E7	Beyoncé	Be With You
TRAXWQU128F42716E2	John Mellencamp	Peaceful World
TRBDBXO128F42B3E45	Nolwenn Leroy	Etre Une Femme
TRASTOM12903CBE8A6	Seven Mary Three	Hammer & a Stone
TRAUXSO128F42B863C	Silverchair	Spawn (Again)
TRAVKGM12903CA66FB	L7	Baggage
TRBFNMG128F4278109	Aerosmith	Reefer Head Woman
TRAVHLR128F146B476	Charly García	Asesíname
TRACHHH128E0788A35	Dilated Peoples	Big Business
TRBIBKA128F42947BF	Samy Deluxe	Die Meisten
TRAGGVS128F4250CE8	Astarte	Oblivious Darkness
TRAVOHH128F4247EF9	Ashton Shepherd	Sounds So Good
TRAWEDC128F14A2EBA	Y&T	Contagious
TRBGZLM128F4221E63	Less Than Jake	Fucked
TRAXZSJ128F145B3B0	Be Bop Deluxe	Piece Of Mine
TRAZJUH128F934465B	Hanoi Rocks	Mental Beat
TRAMBHU128F425A620	Rick Astley	You Move Me
TRBCPXR128F42AC544	Martina McBride	Pick Me Up On Your Way Down
TRBBMXI128F428CCD1	Amorphis	The Lost Name of God
TRAUMNH128F92FB67F	The Jeff Healey Band	It Could All Get Blown Away
TRBGUHX128F4279757	K's Choice	God In My Bed
TRAASUZ128F9314950	Korn	Hey Daddy
TRALLQJ128F933C68A	Pursuit Of Happiness	Killed By Love
TRAREDZ12903CFB6E3	Pelle Carlberg	Clever Girls Like Clever Boys Much More Than Clever Boys Like Clever Girls
TRARFKP12903CF5DF1	Salt The Wound	From My Hands
TRBARHH128E078EDE9	Aerosmith	Janie's Got A Gun
TRADFII128F931FC9F	Metallica	The End Of The Line
TRAMNJB128F92EFDC7	Indica	Ihmisen Lento
TRAICJQ12903CF2681	Dark Fortress	Ghastly Indoctrination
TRAZFYU128F93569C6	deadboy & the Elephantmen	No Rainbow
TRBIFOK128EF362D20	The Pharcyde	I'm That Type Of Ni**a
TRAOZEJ128F428CCEA	OutKast	Wailin'
TRAQVDI128F42969C8	John Mayall & The Bluesbreakers	Nature's Disappearing
TRAVRPL128F145E874	Lifer	Breathless
TRAIQUG128F92F946E	Byzantine	Absolute Horizon
TRBBKLD128F424ABF5	Crowbar	No Quarter
TRAKWTG128F42454E2	Less Than Jake	Antidote For The Underdog
TRAMARM128E0796A50	The All-American Rejects	Bite Back
TRAEPAW128F4285BAB	Geggy Tah	Gina
TRAQVOG128F9340E58	Chris Brown	I.Y.A.
TRBAMXF128F1470AD6	Red Hot Chili Peppers	Hard To Concentrate (Album Version)
TRBDTZX128F92DFA66	Jars Of Clay	Don't Stop
TRAOEAQ12903CC26BD	This Is Hell	RECKLESS
TRAAUEO128E0780CB9	Placebo	English Summer Rain
TRAGNGY12903C9CD76	Tantric	Coming Undone
TRARMHA128F92E7D32	Descendents	I'm Not A Loser
TRASXZE128F427F156	Heavenly	Smile
TRACRTS128F9300F7E	Bad Brains	Destroy Babylon
TRBFZRA128F427030C	Tha Liks	Da Da Da Da
TRBICVB128F9326B65	Strata	Night Falls (The Weight Of It)
TRAJHCS128F93192B5	Georges Brassens	Auprès De Mon Arbre
TRAPEHR128E0786D5A	Zeromancer	Send Me An Angel
TRBFLFI128F427F374	RIDDLIN' KIDS	Stop The World
TRAAGPJ128F428CD1B	Queens Of The Stone Age	I Never Came
TRAYQKQ128F1491182	Slick Rick	Kill Niggaz
TRBGKJU128E079851F	The Highwaymen	The Road Goes On Forever
TRBCIRO128F42B0277	Christina Aguilera	Beautiful
TRAJUPF128F4231A2C	P.O.D.	Ya Mama (Palm Springs Demo)
TRAADQX128F422B4CF	Casiotone For The Painfully Alone	Nashville Parthenon
TRAZXDC128F429874E	Shaggy	Criteria
TRABFKN12903CAF61B	All Time Low	Shameless
TRAUFLM128F42AECDC	Britney Spears	Someday (I Will Understand)
TRANIVG128F1484DED	Janet Jackson	Again
TRAPHDI128F92F5EA1	Zeca Baleiro	Proibida Pra Mim (Grazon)
TRAKVSG128EF34E609	Raphaël	La Mémoire Des Jours
TRARTSA128F4291550	Bongzilla	Champagne & Reefer
TRBFUXQ128F145B135	Alias	After All The Love Is Gone
TRABJWA128F9309C09	Ensiferum	Warrior's Quest
TRANEMQ128F42A10A8	Behemoth	No Sympathy For Fools
TRAUNEL128F1467D5C	Devo	Sloppy (I Saw My Baby Gettin')
TRARFQL128F931E523	Fergie	Voodoo Doll
TRBEAMO128F425B75F	Christina Aguilera	Cruz
TRASUJK128E0789C12	Coldplay	Speed Of Sound (Live)
TRAXWDS12903CEE35E	Wolfmother	Cosmonaut
TRAYVLL128F9335B7A	Bersuit Vergarabat	Se Viene
TRBBFOT12903CBCB4F	Capleton	Raggy Road
TRBDKOV128F4290943	Lou Reed	Sally Can't Dance
TRBGGOS128F9307FC5	Remy Shand	The Second One
TRBATRO128F4225566	La Portuaria	10000 Km
TRASIVA128F933DB52	Boyz II Men	In My Life
TRAWODX128F42AC413	Peter Gallagher	Everytime It Rains
TRAEVRI128F93608F3	Phil Collins	Welcome
TRAKHXX128E07877EB	Red Hot Chili Peppers	Emit Remmus (Album Version)
TRAUZTR128F9351D2A	Michael Jackson	I Wanna Be Where You Are
TRATJXC128F93124CE	Darden Smith	Perfect Moment
TRBDYIC128F92F1D17	Slum Village	CB4
TRAFMPX128F4246C49	Ill Nino	All I Ask For (Album Version)
TRAYMFR12903D09540	Skeeter Davis	My Sweet Loving Man
TRAKOEB128F1478783	Rise Against	Intro/Chamber The Cartridge
TRAAZGC12903CB5DFB	The Jeff Healey Band	Hoochie Coochie Man
TRBFUNY128C7196B7D	The Disposable Heroes Of Hiphoprisy	Music And Politics
TRAPIPG128F42521C6	Carlos Vives	Decimas
TRARSAM128F4256E04	Månegarm	Vargbrodern Talar
TRBIBTU128F92FDC9D	Tim Exile	Fortress
TRBAAOT128F4261A18	Harry Connick_ Jr.	Once
TRAHCVT128F4282806	L.A. Guns	Magdalaine
TRADRHX12903CCD1DF	T.G. Sheppard	Only One You
TRAQKPR128F427DDF8	Gerard Lenorman	Voici Les Clés
TRARJPL128F931C7D2	The Almost	Summer Summer
TRAUONA128F4255A38	Gorillaz	November Has Come
TRANPXL128F42B8FED	Sylver	Sympathy
TRABXLH128F935F8E7	Dee Clark	Little Bitty Pretty One
TRBBHPQ128F145A7F8	John Mellencamp	Down And Out In Paradise
TRAJPIQ128F14819A8	The Rapture	The Devil
TRAVXBL128F42BB389	Michael Jackson	Girl You're So Together
TRABZCL128E0789AED	Shelby Lynne	Old Times Sake
TRBCTRX128F4299237	Wyclef Jean featuring Prodigy of Mobb Deep	Rebel Music
TRAPQNA128F93000EB	Patsy Cline	A Poor Man's Roses
TRAFQFM128E078EC97	Eminem	The Way I Am
TRBDSFP128E07937B9	Temple Of The Dog	Hunger Strike
TRBGZKO128F92DB016	Bloc Party	Zephyrus
TRBFVZI128F147FCAF	Phil Collins	Please Come Out Tonight
TRBCMSO128F92E6AE5	Eagles Of Death Metal	(I Used To Couldn't Dance) Tight Pants
TRAQSWI128F9343039	Shawn Colvin	Cry Like An Angel
TRBDNGV128F42895AE	Eddy Arnold	What's He Doin' In My World
TRAPVDC128F422C711	Wolfchant	Guardians Of The Forest
TRAUWRW128F9358C69	Jay-Z	Change Clothes
TRATDDF128F4294E6A	Kent	Vad två öron klarar
TRBATEY128F4285370	Hank Locklin	Why Baby Why
TRBEOUP12903CF652E	Joe Bonamassa	So Many Roads
TRAYDYV128F42906E1	Mindy McCready	Breakin' It
TRBCGRI128F93355E9	Teenage Fanclub	It's All In My Mind
TRAWSSL12903CC4734	Zombina & The Skeletones	Can't Break a Dead Girl's Heart
TRAFOKY128F4276D91	Dead Prez	Assassination
TRAGYJM128EF3466D2	Dinosaur Jr.	Been There All The Time
TRAKXIR128F92CF85A	Mark Wills	That's A Woman
TRBFLER128F148C52B	The Mighty Mighty Bosstones	Pictures To Prove It
TRBBAHD128F428E0FE	Tones On Tail	Burning Skies
TRBCJUF128F93190C2	Lily Allen	Everyone's At It
TRAPTRH128F4271659	Johnny Winter	Be Careful With A Fool
TRARUOP12903CF2384	Shadows Fall	What Drives The Weak
TRAJAZP128F4290FF9	Mastodon	Megalodon
TRALJVQ128F428C764	Eagles	I Don't Want To Hear Any More
TRADZXK128F429DB92	The Killers	Show You How
TRASYSY128F92F39F5	Circle Jerks	Group Sex
TRAGLFE128F428566B	Patrick Bruel	Au Bout De La Marelle
TRAJEZT128E0795DF3	Rea_ Chris	E
TRAACHN128F1489601	Five Bolt Main	Made Like This (Live)
TRAIKBB128F428AD73	Connie Smith	I'll Come Running
TRAKARY128F427253E	The Ataris	The Hero Dies in This One
TRADFJJ128F934857E	Rancid	LA River (Acoustic)
TRACBWX128F92FD725	Zombie Girl	I Want It
TRANIPA128F93151A2	Dionne Warwick	Just One Of Those Things
TRAJZYI128F424B412	45 Grave	Party Time
TRAFUWI128F934C730	GWAR	Surf of Syn
TRAKRXN128F42670BE	Margaret Becker	Cave It In
TRBCHSH128F93304E1	Smut Peddlers	Playstation Generation
TRAHCRI128F4255C6E	Asleep At The Wheel	Let Me Go Home Whiskey
TRAYYCA128F422B2A1	Panzer AG	bereit
TRAHJCI128F92FFB38	Kool Moe Dee	Knowledge Is King
TRBFUSW128F92D0357	Barry Manilow	Say Goodbye
TRBFSKB128F145C5B1	VHS Or Beta	Forever
TRAXUQL128F932D6C4	Kelly Sweet	Ready For Love
TRATQUI128F9347C68	The Sterns	Supreme Girl
TRATESL128F92F12DF	Ray Price	Make The World Go Away
TRAGNBQ128F149CB93	Fall Out Boy	The Carpal Tunnel Of Love
TRAPOYU128F42644C3	Helmet	Tic
TRAUVSF128F14A0B6F	ATB	Collides With Beauty
TRAUOUZ128E078F8BB	Eazy-E	I'mma Break It Down
TRATTAF128F147CA09	Yahir	No Te Apartes De Mi
TRBHPGG128F428C972	The Mad Capsule Markets	Loud Up!!
TRACSBL128F42480E8	The Presets	Yippiyo-Ay
TRADQJL128F92D9957	The Presets	If I Know You
TRAWOCY128F145B051	Jay & The Americans	Some Enchanted Evening
TRAPHZT128F147A02B	AFI	Affliction
TRAOREE128F934DB89	Kool Keith	Don't Crush It
TRAKKOH128F42AF40E	Jennifer Lopez	Por Arriesgarnos
TRAOCOE128F4276D18	The Clash	Life Is Wild
TRAPVXU128F149E7CD	Faces	Stay With Me
TRBAFBU128F427EFCE	Free	Woman
TRAFCVI128C7196BE6	Steel Pulse	We Can Do It
TRAMESI128F93509F7	Britt Nicole	Set The World On Fire
TRAMLZC128F92F3EB9	Andrew W.K.	Long Live The Party
TRAOKXG128F4232497	Blue Rodeo	Up On That Cloud
TRAURRO128F1489B2C	Pennywise	6TH Avenue Nightmare
TRBFIAK128E07823AA	Funeral For A Friend	Your Revolution Is A Joke
TRBCBXZ128F14628C3	Lighthouse Family	Ocean Drive
TRBFPRL128F14569B9	Leona Naess	Paper Thin
TRAXMWV128F14612AB	Carlos Ponce	Quiero
TRBBOPV12903CFB50F	The Ronettes	Born To Be Together
TRARODV128F1460DBC	The Starting Line	A Goodnight's Sleep
TRBIDUK128F42806A4	Tampa Red	No Matter How She Done It
TRARYCL128F1456224	The Moody Blues	Tuesday Afternoon
TRAKLML128E07999DA	Ms. Dynamite	Unbreakable
TRAPMTM128F425B4E5	Cartel	Georgia
TRBHDGL128F42324A7	Abysmal Dawn	Programmed to Consume
TRBDUXD128F148328A	Fergie	Velvet
TRBDIMX128F147A307	Sergio Mendes	Puzzle of Hearts
TRASYVP12903D09590	Candlebox	Breathe Me In
TRACFAP128E07862C1	DMX	Damien
TRBEFFG128E0793C24	Monster Magnet	Black Celebration
TRAPJPD128F14572B3	Vixen	American Dream
TRARKGW128F92EB8F9	New Order	Guilty Partner
TRBHEVR128F4263CE0	Firehouse	Don't Treat Me Bad
TRBCTBG128F42B7E1B	Rubyhorse	Evergreen
TRAAGPF12903CE027E	Slim Whitman	Indian Love Call
TRAWRHQ128F1495E6B	Sergio Mendes	O Morro (Live At El Matador_ San Francisco)
TRASIWA12903CFFC4D	Lady Saw	Get A Straw
TRABLMN128E0792687	Weezer	Don't Let Go
TRAVGFT128F424278B	Café Quijano	Hablando A Un Cristal
TRAUWWP12903CC79CB	Keep Of Kalessin	Ascendant
TRATBVA128F9312ACC	Weezer	I Don't Want To Let You Go
TRBGWWM12903CCE627	Weezer	Mykel And Carli
TRADDRF128F145869F	Simple Minds	Careful In Career
TRAYUKR128F9344BB4	Leningrad Cowboys	Ulan Bator Girls
TRASYWM128F14804A5	The Panic Channel	Said You'd Be
TRBHAAK128F92E27BF	Wyclef Jean	Jean Dominique Intro
TRBFKHT128F427215E	Sophie B. Hawkins	I Want You
TRAQSPU128F422146B	Halfway to Gone	Black Night
TRBAJRL128F1482E66	The Summer Obsession	Where You Belong
TRAAVGB12903CFAA99	Hank Locklin	Filipino Baby
TRALKHJ128F92E9D36	Leroy Van Dyke	If A Woman Answers
TRAZZLJ128E07945F2	Eric B. & Rakim	Follow The Leader
TRAKHUW12903CF0048	Old Man's Child	Towards Eternity
TRAQVUG128F4286DE3	Joy Division	Transmission - [The Factory_ Manchester Live 11 April 1980]
TRBGWEG12903CFF7EE	Twenty 4 Seven	You Gotta Be Safe
TRAATIU128F4291A84	Mastodon	Shadows That Move
TRACTHF128F4295A22	Kris Kristofferson	Road Warrior's Lament
TRAAAFD128F92F423A	Gob	Face the Ashes
TRAPQBU128F934C32D	Primordial	Here I Am King
TRAYXPS128F422842E	Plasmatics	Lightning Breaks
TRAEFDK128F1473B92	The Impressions	This Is My Country
TRABGHG128F934B27E	UFO	Chains Chains (Live In Hammersmith)
TRBGTPK128F429E5D5	Aesop Rock	Coma
TRATTNI128E0799697	Faith Hill	I Want You (Album Version)
TRAWAXV128F92E075C	Information Society	Empty
TRBEYJR128F4292651	Toni Braxton	Tell Me
TRAZYVR128F4280A24	Northern State	Last Night
TRBICRP128F42882BB	Dungeon Family	Follow The Light
TRAAOIN128F9303790	Test Icicles	Snowball
TRAFABO128F933DE53	Finntroll	Grottans Barn
TRAQTYT12903D134AC	Billie Jo Spears	What I've Got In Mind
TRBHEBY128F148CF2B	Sister Hazel	Concede
TRAWFZB128F92FFB99	Jefferson Starship	Stairway To Cleveland
TRATWYC12903CE60D6	The Dillinger Escape Plan	Parasitic Twins
TRAMLGE128F92F81DD	Noisettes	Don't Upset The Rhythm (Go Baby Go)
TRATFEN128F14A3A6E	Bobbie Gentry	Ace Insurance Man
TRAYABW128F4235888	NOFX	We March To The Beat Of Indifferent Drum
TRBAOJU128F42621E6	The Distillers	Ask The Angels
TRAJXNB128F4261F43	Steve Vai	Brother
TRAEPZJ12903CB00C4	Unearth	Fuel the Fire
TRAYYAU128F92D58D0	Aaron Watson	Whiskey on the Fire
TRABDTV128E0791839	Natural Elements	Mayday
TRBHGUK128E078E031	Jesus Jones	Yellow Brown
TRBFURI128F1455498	KT Tunstall	Under The Weather
TRAYDJL128F145F261	Suzi Quatro	Too Big
TRABYAR128F931B1A4	Robben Ford	Something For The Pain
TRACTUH128F92C93A3	Eddie Money	Two Tickets To Paradise
TRAYKTU128F934C82A	Y&T	Mean Streak
TRAEVHU128F92D9EA0	Blue October	My Never
TRAMPWN128F934C221	Unearth	Crow Killer
TRAAAEF128F4273421	Adam Ant	Something Girls
TRAJPPX128F4259FD4	Adam Ant	Friend Or Foe
TRAXJOA128F93474E8	Nicho Hinojosa	Tus Viejas Cartas
TRBGRGT12903CC5019	Open Hand	11th Street
TRAMDUW12903CB5100	brokeNCYDE	Schitzo
TRASYQQ128F425092B	The Killers	Mr. Brightside (Jacques Lu Cont's Thin White Duke Mix)
TRAWVWS128F42ADCD1	Corona	You Gotta Be Movin'
TRAQYOC128F9341CDC	Busta Rhymes	Genesis
TRBDCAH128EF362D31	The Pharcyde	Passin' Me By
TRBHJJP128F145EA12	Pat Green	Threadbare Gypsy Soul
TRAHXWI128F428B7DA	Geggy Tah	Special Someone
TRAGVAO128F4289B5D	Mobb Deep	Up North Trip
TRACMHD128F931FB14	Ensiferum	Hero In A Dream
TRBHLDQ128F423EF10	The White Stripes	Blue Orchid
TRBDKQI128F1465028	Milk Inc.	Nothing To You
TRAPZLI128F92DB0CD	Dendemann	Dendemänner braucht das Land
TRAYJOF128F92F9EEA	Kelly Clarkson	Cry
TRBEFJE128F932139E	Eleanor McEvoy	Sophie
TRBFMFO128F421BFD4	Tranzas	Serenata
TRADPDI128F92EBD32	Monster Magnet	CNN War Theme
TRABJIX128C7196953	Amy Winehouse	Stronger Than Me
TRANJWP128F428560C	Estopa	Exiliado En El Lavabo
TRAVBAH128F9305DFC	Helmet	Give It
TRBCCAJ128F148CBBB	EPMD	Check 1_2
TRAENGX12903CBDFF6	The Pineapple Thief	Snowdrops
TRBGBUY128F422B413	Casiotone For The Painfully Alone	Attic Room
TRAGBND128F92FC400	Rokia Traoré	Château de sable
TRBALIJ128F14884B5	Iggy Pop	Main Street Eyes
TRARBGM12903CC5026	Open Hand	Never Alone
TRAILUH128E0784D6D	Michael McDonald	Nowhere To Run
TRBFMTO128F9322AE7	The Rolling Stones	Start Me Up
TRALCCO12903CEBB97	Modern Lovers	She cracked
TRACVSS128E07846A7	Snow Patrol	Half The Fun
TRBHYTA128F93425AC	Ricardo Arjona	Ayudame Freud
TRANRFB128F1481F1E	Robert Palmer	Looking For Clues
TRADJGI128F148B0F6	Jonny Lang	The One I Got
TRALRTY128F428BE43	Usher	I Need Love
TRAYKZI128F932B9E8	Evergreen Terrace	We're Always Losing Blood
TRAWGLP128F92DE5AD	Spongebob Squarepants	Ripped Pants
TRAONNA128F4268CCA	Mobb Deep	Where Ya Heart At
TRAOYHS128F427EF8B	Daniel Johnston	Desperate Man Blues
TRBATKI128F4284D54	Joy Enriquez	Between You And Me
TRAPQQI128F1460D64	Mötley Crüe	Hell On High Heels
TRBDHUR128F423EC48	Love and Rockets	Sweet Lover Hangover
TRBFJKU12903CEDB0C	Butthole Surfers	22 Going On 23
TRBAFWX12903CA9831	The Black Crowes	Roll Old Jeremiah
TRAKCFG128F149D9B7	Tracy Byrd	Walkin' In
TRATDDM128F93417AF	Los Auténticos Decadentes	El Gran Señor
TRAZOEU128F92E28DD	Willy DeVille	Louise
TRAZHZI128F930653D	The Sensational Alex Harvey Band	Framed
TRAQEOP12903CA65E2	Shakira	Tú
TRBFYJE128F14A8ABF	Steel Pulse	Man No Sober (LP Version)
TRADSQZ128F42707D7	Silverchair	Suicidal Dream
TRAXOQP128F930DD49	Mungo Jerry	Pushbike Song
TRBBQPP128F92EE611	Bob Marley & The Wailers	Three Little Birds
TRANWOF12903CB3E19	The Crystal Method	Realizer
TRBEQFT128F4238A28	T.O.K.	Chi Chi Man
TRARTJL128F92CB44B	Bon Jovi	Raise Your Hands
TRAYPMR128E0785DD1	Nick Cave & The Bad Seeds	Loverman
TRAKAGL128F148B3B7	Tesla	Gettin' Better
TRAJIUK128F42668E6	Firehouse	Rock On The Radio
TRAOUOI128F4290E44	Jim Reeves	Rosa Rio
TRBHQHN128F148A1B3	Dinosaur Jr	Green Mind
TRBBDPA12903CCCA06	Autumnblaze	Haughtiness And Puerile Dreams
TRAFIHK12903CBDFF1	The Pineapple Thief	Boxing Day
TRAHBQT128F4213403	Blackalicious	Ego Trip by Nikki Giovanni
TRAZSJY128F92CCEA0	Eric Burdon	Leo's place
TRAHXGG128F9350452	Korn	Right Now
TRADMFK12903CC2478	Open Hand	The Ambush
TRBGFUW12903CA0E6B	Alice Cooper	Goin' To The River
TRBHKCL128F425A036	George Michael	Shoot The Dog
TRAJTYX128F145AD24	Be Bop Deluxe	Between The Worlds
TRAGDPH128F9344020	Dead To Me	Don't Lie
TRAIJMG12903D08168	L7	This Ain't Pleasure
TRAGMXK128F9305A50	Bersuit Vergarabat	De Onda
TRBBVNR128E078E1E4	Black Eyed Peas	Tell Your Momma Come
TRAHUQT128F4281228	Nickelback	We Will Rock You
TRAKXMS12903CB36F2	DAVE MATTHEWS BAND	The Space Between
TRARJEK128F930B3AA	Stevie Ray Vaughan And Double Trouble	Couldn't Stand The Weather
TRARKRC128E0791D82	Extreme	Song For Love
TRBDMCC128F9358267	Roger Creager	The Everclear Song
TRAQYUA128F428742F	Mississippi Fred McDowell	You Gotta Move
TRAUVUF128F148D1AA	The Misfits	Dig Up Her Bones
TRAUNNH12903CB038C	Keep Of Kalessin	Many Are We
TRAKWXV128F42889FB	Hotwire	Not Today
TRABBXU128F92FEF48	Mitch Ryder	Jenny Take a Ride
TRAGAAF128F9338911	Joe McBride	This Is How A Heart Breaks
TRARBJW128E0788A1A	Inspiral Carpets	Keep The Circle Around
TRAMMDM128F425EAA9	Wyclef Jean	Heaven's In New York
TRAZACV128F426983D	Simple Minds	See The Lights (2002 Digital Remaster)
TRAIWNA128F145E2CD	Robert Palmer	Love Can Run Faster
TRAINIF128F426416B	Backstreet Boys	The Call
TRASQIB128F426693D	Jennifer Lopez	Ain't It Funny
TRAHSTL128F931708D	Streetwize	No One
TRAERPT128F931103E	The Rolling Stones	Time Is On My Side
TRBCJIX128F424F99E	2raumwohnung	Mädchen mit Plan
TRBFICL12903C9CE02	Sweet	Neon Psychedelia
TRASKII128F92FA33E	The Ataris	Whatever Lies Will Help You Rest
TRAEDYD128F425A868	K-OS	Clap Ur Handz
TRBHKKJ128F427A3B1	Wyclef Jean	Midnight Lovers
TRAPDOI128F9327982	Antimatter	Expire
TRAFRKU128F933CE16	The Black Crowes	Girl From A Pawnshop
TRASYIH12903D08529	Nick Jonas & The Administration	State of Emergency
TRAVLXZ128F42A22E4	Jim Reeves	May The Good Lord Bless And Keep You
TRBGJDW128F4292EDB	Alicia Keys	Karma
TRAYGYF128F930CA01	Solas	Clothes Of Sand
TRANPHV128F9344CC3	Nerf Herder	Nervous Breakdown
TRAHCHN128F4276D58	Gipsy Kings	Somos Gitanos
TRADKAX128E0786B92	Death From Above 1979	Romantic Rights
TRBEVTM128F92FE2B2	The Crystal Method	More
TRAVLWL128F424EF6A	The All American Rejects	The Future Has Arrived
TRAATPA128F146753C	Extreme	Teacher's Pet
TRAISYU128F427F486	Frankie J	Gone
TRAMBBV128F9337714	Anti-Flag	Tearing Everyone Down
TRANZIL128F42A2670	Dolly Parton	Light Of A Clear Blue Morning
TRBHDTL128F1468F7D	The Motors	Dancing The Night Away
TRBBQJZ128F92C5AF2	Blue Rodeo	Fools Like You
TRAWULX128F4291255	Martina McBride	God's Will
TRBBJFO12903D074EE	King Tee	King Tee Production
TRBEHNT128E0792546	Monster Magnet	Down In The Jungle
TRACUCT128F422BC2F	Photo Atlas	Red Orange Yellow
TRADCHC128F42134B5	Blackalicious	Rock the Spot
TRALNOD128F4264AEB	Teena Marie	Help Youngblood Get To the Freaky Party
TRAEUIW12903D018F0	Jack Johnson	You And Your Heart
TRAIZQI128F42A51F9	Matisyahu	Refuge
TRAGOVG128F42A963D	Korn	Make Me Bad
TRAGEQI128F429154D	Bongzilla	Cutdown
TRAJHHE128F146815C	Freddie King	Hide Away
TRAWLGG128F42884CA	Usher	Pianolude
TRAFAQY12903CA70F7	The Suicide Machines	Your Silence
TRAWSYF128F149431A	Vangelis	Twilight
TRBFVZZ128F92FD7B5	Huey Dunbar	Llegaste Tú
TRAWIJG128F42B502C	Shania Twain	Two Hearts One Love
TRAJBSL128F428A021	Jim Reeves	I Guess I'm Crazy
TRBBMQN128EF35F995	Maroon 5	Through With You
TRAPPUN128F429400B	Foo Fighters	Overdrive
TRAQEUQ128F425282E	Behemoth	Chant For Eschaton 2000
TRAUODU128F9307467	DAVE MATTHEWS BAND	Tripping Billies
TRBBBMT128F42A0A4E	FU-Schnickens	True Fuschnick
TRBFEIX128F426A5F8	Silverchair	Roses
TRBENZL128F1455ECA	Roger Miller	Husbands And Wives
TRAQDZZ128F42AF66A	Three 6 Mafia	Let's Plan A Robbery
TRAVQBP128F145BB9B	Butthole Surfers	Tongue
TRAJFQF128F92E354E	Tyrone Wells	Baby Don't You Change
TRAPASL128F422BC00	Monty Are I	In This Legacy
TRAUYZG12903CDA4E9	Bon Jovi	This Ain't A Love Song
TRAKOPE128F421CE6A	Patsy Cline	I Cried All The Way To The Altar
TRAXDAH128F422BBFC	Monty Are I	O Brother
TRALLSP128F148AD75	Long Beach Dub Allstars	Kablammin' It
TRAABVM128F92CA9DC	Tesla	Caught In A Dream
TRAAXUY128F426BA55	Gene Clark	Set You Free This Time
TRBCNWM128F92D50EC	50 Cent	U Not Like Me
TRABTXS128F92E2FDC	Zeromancer	Ammonite
TRAPYVH128F428CFD7	Daughters	Pants_ Meet Shit
TRBHZYO128E07862BE	DMX	Look Thru My Eyes
TRAMOPU128E07888FD	The Smashing Pumpkins	Rocket
TRADZQV128F14A5760	Little Eva	The Loco-Motion
TRBCANP128F92FA6B9	Evanescence	Good Enough
TRBHMMC128F424991B	Fulanito	Lado A Lado (Bomba Carnaval Mix)
TRAHORF12903CDA9FB	Minipop	Fingerprints
TRAOJZC128F14932D5	The Cure	Lost
TRAMKKJ128F1463612	Burning Spear	Tumble Down
TRAGHBP128E0793AF7	The Police	Wrapped Around Your Finger
TRASBZK128F42692CA	Amorphis	Crimson Wave
TRBGRWH128F92E3551	Tyrone Wells	Need
TRAAFMS128F933AB23	Soda Stereo	Entre Caníbales
TRAUWQL128F424696E	Elvenking	Trows Kind
TRAHFHR12903CCCAF8	Andrew W.K.	Can You Dance With Me?
TRAMGPM128F9311196	Arctic Monkeys	From The Ritz To The Rubble
TRAZSCZ128F42554F4	John Fogerty	Don't You Wish It Was True
TRAUGRD128F425E997	Anna Abreu	Shame
TRAWTGS128F14569A8	Leona Naess	Chase
TRAXRGF128F930A59F	Beastie Boys	Flute Loop (2009 Digital Remaster)
TRARIRG128F147FC96	Phil Collins	I'm Not Moving
TRBEWCS128F428BA34	NOFX	Bath Of Least Resistance
TRASSZI128F146EC5F	Snow Patrol	In My Arms
TRAEAZV12903D0CBA6	Enter the Haggis	Skyswimmer
TRAWSXV128F4273E35	Mobb Deep	Hell On Earth (Front Lines)
TRBHOXV128F92FBB72	Eddy Arnold	Molly Darling
TRAJLOY128F92E4EAF	Saga	Believe
TRADESF128F4214D8E	Guns N' Roses	Mama Kin
TRAQTOS128F428E94B	SKYCLAD	The One Piece Puzzle
TRBEIYU128F92E88A9	Johnny Horton	The Golden Rocket
TRAPVRU128F9302300	SKOLD vs. KMFDM	All Or Nothing
TRAGSJQ128F149EF8D	Every Time I Die	California_ Gracefully
TRAXIYW12903CB4343	Goatwhore	Sky Inferno
TRANRGP128F1465737	Bryan Ferry	Going Down
TRAFYYU128F4229376	Every Time I Die	Depressionista
TRBGIDU128F4241A2E	Schoolyard Heroes	The Last Man On Earth
TRAYZXS12903CF1C4F	Old Man's Child	Life Deprived
TRAUTXO128F4263C8E	Loretta Lynn	I'd Rather Have Jesus
TRBDDTT128F4291192	Soilent Green	Pretty Smiles & Shattered Teeth
TRAQEVV128EF34E413	Sick Puppies	Deliverance
TRBFIUJ12903CFEB7C	Winds Of Plague	Origins And Endings
TRAFLZY128F148959F	My Chemical Romance	House Of Wolves (Album Version)
TRAZYYE128F1456A0E	Brenda Lee	Everybody Loves Me But You
TRBHCXR128F92E7D0E	Descendents	Cheer
TRAUXSK128F427C58D	Anti-Flag	The Modern Rome Burning
TRABLLK128F428FFAF	George Harrison	Hear Me Lord (2001 Digital Remaster)
TRAXWLM128F1453E3B	Juelz Santana	There It Go (The Whistle Song)
TRAFMME128F932B4D5	Aiden	Killing Machine
TRBIGRY128F42597B3	Sade	All About Our Love
TRAWTUV128F426DD46	Happy Mondays	Grandbag's Funeral
TRAISYO128E07888A6	Mariah Carey	Mine Again
TRAWDWZ128F9340E55	Chris Brown	Famous Girl
TRBBVBM128F4276D82	Teenage Fanclub	I Don't Know
TRBGICJ128F427BA9A	Mustafa Sandal	Beni Aglatma
TRAETTV12903CBBD09	Jimi Hendrix	Voodoo Chile Blues
TRAAPPQ128F14961F5	The B-52's	Wig
TRALOBE12903CDA6C5	BT	Mercury & Solace
TRAOMDT12903CF73C3	Adrienne Pierce	Laundry & Dishes
TRAQYZI128F4273CF3	Electric Light Orchestra	Indian Queen
TRAGAGQ128E0781352	The Stranglers	It Only Takes Two To Tango
TRBGNAF128F9339532	SUMO	Noche De Paz
TRAXLIU128E07860D4	DMX	I'ma Bang
TRANZRO128F4278401	Emilio	Even If I Tried
TRBFGFF12903CF4183	OV7	Volvere
TRBBWDJ128F42595D5	U2	October
TRBAHID128F4278EAF	Shakira	Objection (Tango)
TRBGPCC128F428FF02	Suicidal Tendencies	Looking In Your Eyes
TRAAQIH128F428BDEA	Busdriver	(Bloody Paw On The) Kill Floor
TRABVWG128F9359323	Mötley Crüe	Get It For Free
TRAWCQE128F14676AC	Lifehouse	Simon
TRASSZL128F428FA5D	Obie Bermudez	Celos
TRADAYS12903CDBE0F	Furry Lewis	Judge Boushay Blues
TRBAHJW128F92CC8B4	Swallow The Sun	Doomed To Walk The Earth
TRAWKPT128E0795428	Saosin	Bury Your Head (Acoustic)
TRAMMQW128F42621E1	The Distillers	Oh Serena
TRAHUZS12903C9D9DD	P.o.d	Roman Empire
TRACYDP128F932BC8E	Skeletonwitch	Sacrifice for the Slaughtergod
TRASXSI128F9345EA2	Sick Of It All	Sanctuary
TRADKLT128F9304E1D	The Antlers	Stairs To the Attic
TRAZDTT128F9346306	The Shangri-Las	Out in the Streets
TRAYUCR128E078EE0F	Nirvana	Aneurysm
TRALPGW12903CAFFB5	Evergreen Terrace	Please Hammer Don't Hurt 'Em
TRAXAZZ128F4255FAF	K.I.Z.	Freiwild
TRAGQQK128F42561AB	Edu Lobo	Canto Triste
TRADGXI128F92EF28F	Set Your Goals	the fallen...
TRBCWOW128F1467692	Long Beach Dub Allstars	Like A Dog
TRAADNA128F9331246	Stevie Ray Vaughan	Crossfire
TRAIPST128F9302AE9	Eminem	Beautiful
TRAYSMW128F1468307	Fun Lovin' Criminals	We Have All The Time In The World
TRAEOOH128F934ACD4	GWAR	Let's Blame The Lightman
TRBGLSW12903CE3D8A	Grandmaster Flash	Underarms
TRBAXDP12903CD1922	AFI	Darling_ I Want To Destroy You
TRAQMNB12903CDD58F	The Berzerker	Compromise
TRAZCOX128F42B6555	Muse	The Small Print
TRAPJFL128F42AA7B4	Foo Fighters	Still
TRBHZAA128F4271AE9	K's Choice	20.000 Seconds
TRATDIZ128F4242796	Café Quijano	En Algún Rincón
TRAZSRV128F1452866	Humanzi	Fix The Cracks
TRAQXJY12903CF3A0E	Steel Pulse	House of Love
TRATOHC128EF3460DA	Mando Diao	Popovic
TRAEHXW128F146F3C5	Kenny Rogers	The Son Of Hickory Holler's Tramp
TRBICGT128E0792473	Guns N' Roses	Patience
TRAPVYD12903CE0269	Enslavement Of Beauty	And Still I Wither
TRAVUAJ128E078EDA2	Aerosmith	What It Takes
TRAZBBP128E07845D4	Kanye West	School Spirit Skit 2
TRAFRCH12903CEA22D	Gob	No Regrets
TRACSIE128F427F98E	Jennifer Lopez	Talk About Us
TRBBXML128F4256DFF	Månegarm	Ur Själslig Död
TRAUOPA128F93537F2	Martin Sexton	Things You Do To Me
TRAWFGF128E0792FE0	Extreme	Stop The World
TRAAZBD128F427A97D	Sticky Fingaz	Oh My God
TRAIWZZ128F9306AFF	Korn	Proud
TRAJKMI128F4281107	Baby D	Let Me Be Your Fantasy
TRADVSU128E0786371	Hem	Redwing
TRABNEX128F92C9DEA	Kings Of Leon	Knocked Up
TRAXGVY128F933E9C9	Eric Burdon	Feeling Blue
TRAEOUE128F93187B9	Sick Puppies	Master Of The Universe
TRBBZOG128F422B02B	Death Cab for Cutie	You Can Do Better Than Me (Album Version)
TRBEXUF128F92DF175	Natasha Bedingfield	Love Like This
TRASZQB12903CAAE1B	Hellsongs	Rock The Night
TRALBIA128F4272082	Britt Nicole	Good Day
TRANCCN128E0794B18	30 Seconds To Mars	Hunter
TRAZLLR128F42A8DCC	Ayo	These Days
TRBBMLR128F1466822	Captain Beefheart & The Magic Band	On Tomorrow
TRAZRBR128E0782989	Nick Cave & The Bad Seeds	Where Do We Go Now But Nowhere
TRBEUKI128F9318306	Mississippi John Hurt	Monday Morning Blues
TRAUCZX128F149D9AE	Tracy Byrd	Walking To Jerusalem
TRATMAL128F427EC8D	Java	Cendrier
TRAMFRD128E07833DA	Dolly Parton	When Jesus Comes Calling For Me
TRAUDRC128F148D15E	Jimmy Page	Hummingbird
TRASCWR12903CCC575	Jimi Hendrix	Hear My Train A Comin'
TRAPMRB128E078E21E	Ms. Dynamite	Natural High (Interlude)
TRAXBUJ128F4247432	H-Town	Sex Dance
TRAXQZA128F1463DEB	Jimmy Page / Robert Plant	Thank You
TRAYICR128F4282520	Kyle Riabko	Doesn't Get Much Better
TRATUPO128F9305A5C	The Knux	Bang! Bang!
TRALHMS128F930C08C	Converge	Dark Horse
TRACBLO128E0784286	Spinal Tap	The Majesty Of Rock
TRAOJMY128E07836D9	Helmet	Everybody Loves You
TRAAPIV128F1493132	Gary Moore	What Are We Here For
TRBDFCT128F4285E05	Dottie West	Country Girl
TRBFJPO128F4295BE3	Shakira	Estoy Aquí
TRBFHRA128F424D28A	Bessie Smith	Chicago Bound Blues
TRAXOQD12903CDD59D	The Berzerker	Pure Hatred
TRARDUI12903CBF6B6	K.I.Z.	Autofokus
TRBHIJC128F92E55E2	Furry Lewis	Rock Island Blues
TRAPDIO128F933C680	Pursuit Of Happiness	She's So Young
TRANUME128E0789D4C	Fountains Of Wayne	Janice's Party
TRAVWTN128F425D2D5	John Fogerty	Headlines
TRAKORW128F1484DF0	Janet Jackson	Hold On Baby
TRBCUBV128F145F7E9	Jack Johnson	It's All Understood
TRAZJOI12903CDA550	Bon Jovi	The Distance
TRAYUCR128F92E574F	Santana	Interplanetary Party
TRAPLMD128F932FF43	Metallica	Metal Militia
TRAPMTY128F1459DA1	Josh Turner	What It Ain't
TRANIJQ128F4298A10	Kiss	Domino
TRABIPA128F1458F79	Public Image Ltd	Ease
TRAFAAS12903CF0BE2	Moonspell	Tired
TRAPMYO128F14903F5	Anneli Drecker	Fire Alarm
TRABRMJ128E0780E42	Blink-182	A New Hope
TRASZSF128F428B8F3	Charley Pride	(I'm So) Afraid Of Losing You Again
TRANSYV128F428A00C	Jim Reeves	Mexican Joe
TRANULO128F422E6FE	Nightfall	Death Of Neira
TRAEQQE128F42920E3	Skeeter Davis	He Says The Same Things To Me
TRBAWKB128F931BAEE	Owl City	On The Wing
TRATMDD12903D11C7A	Patsy Cline	Stop The World And Let Me Off
TRARFXI128F1468CE3	Albert Collins	Same Old Thing
TRBIFUD128F1495AE2	Hot Boys	Young Riders
TRAECWI128F4226133	Helmet	Your Head
TRBAAGQ128F148D17E	Urge Overkill	Crackbabies
TRAJOIH128F14B08F7	Utopia	Magic Dragon Theatre
TRAIYAT128F931FEA5	The Jets	Curiosity
TRAADLH12903CA70EE	The Suicide Machines	Burning In The Aftermath
TRAQRRD128F425F8E7	Jacques Dutronc	Laquelle Des Deux Est La Plus Snob
TRAMRQS12903D0FD39	Barbara Jones	You Are Always On My Mind
TRAZWTT128F935AA16	YGGDRASIL	Nordmark
TRAYGQU128F934B4F5	Norther	Fuck You
TRANGIY128F427FA51	Rooney	Get Away
TRAVRJA128F9329C4C	Mudhoney	The Money Will Roll Right In
TRAKQXJ128F147A028	AFI	Summer Shudder
TRAAIAE128F42AC53D	Martina McBride	I Can't Stop Loving You
TRAPEIN128E078892E	The Smashing Pumpkins	Rotten Apples
TRBGCLK128F4237A50	Phil Collins	Testify
TRBGMJF128F425E8EA	30 Seconds To Mars	End Of The Beginning
TRBEBWG128F93214A4	Mariah Carey	Outside
TRAOMKV128F428CD51	OutKast	Return Of The "G
TRBEELS128F42B63A8	Arc Angels	Sent By Angels
TRAYESZ128F1458FAE	Public Image Ltd	The Order Of Death
TRBGUUE128F1494FB6	David Bowie	Baal's Hymn
TRAJSQA128F4263330	Cali	Resistance
TRBGNCL128F428F56F	Gwen Stefani	4 In The Morning
TRAWHZK12903CB5A01	Everyday Sunday	Comfort Zone
TRBCWYJ128F93213A1	Eleanor McEvoy	Easy To Lose Hope
TRBHJLT128F1460832	UFO	Cherry
